receipt_id,source_image,merchant,receipt_date,receipt_number,subtotal,discount,tax,total,payment_method,item_count,ocr_confidence,extraction_confidence,warning_count
0,0.jpg,WAL*MART,08/20/10,,5.11,0.57,,5.11,CASH,0,0.97,0.802,1
1,1.jpg,TRADER JOE'S,06-28-2014,,38.68,,,40.0,CASH,1,0.998,0.899,0
10,10.jpg,SPAR,23.02.21,,,,0.0,338.16,,0,0.99,0.751,1
11,11.jpg,WHOLE,,,,,,,,1,0.945,0.535,2
12,12.jpg,WAL*MART,10/20/07,,7.59,,0.76,18.75,,0,0.99,0.82,1
13,13.jpg,/L.1SWOY8KCW,08/11/17,,,,,50.0,CASH,0,0.975,0.734,1
14,14.jpg,See back of receipt for your chaince,05/04/17,for,1.25,,26.6,26.6,DEBIT CARD,0,0.985,0.908,1
15,15.jpg,See back of receipt for your,07/22/16,for,12.58,,,12.58,VISA,0,0.976,0.854,1
16,16.jpg,See back of receipt for your chance,11/13/17,for,21.74,,1.15,23.19,DEBIT CARD,0,0.989,0.91,1
17,17.jpg,See back of recelpt for your chance,01/15/17,,36.35,,1.07,38.68,CASH,0,0.977,0.855,1
18,18.jpg,863-318-0752 Mgr:MARK,10/31/21,,82.75,,82.75,86.35,DEBIT CARD,0,0.979,0.856,1
19,19.jpg,Mgr:EURIEL,10/16/21,,3.61,,1.05,1.05,CARD,0,0.992,0.861,1
2,2.jpg,949-498-6669 Mgr:MICHAEL,10/18/20,,46.44,,3.46,49.9,DEBIT CARD,0,0.98,0.856,1
20,20.png,DOLLAR TREE,9/17/22,,24.0,,1.44,25.44,DEBIT CARD,1,0.988,0.944,0
21,21.jpg,"Dollar TreeE STOres, INC.",2/20/14,,10.0,,0.21,10.21,CASH,1,0.984,0.943,0
3,3.jpg,See back of receipt for your chance,5.88-0,for,139.44,,4.58,144.02,CASH,2,0.981,0.992,0
4,4.jpg,Save money. Live better.,12/08/15,,6.94,,6.94,0.49,DEBIT CARD,0,0.978,0.855,1
5,5.jpg,WHOLE FOODS,9/15/2020,,28.28,,,28.28,VISA,1,0.972,0.887,0
6,6.JPG,MOMI&TOY'S,26/01/2015,,,,,,CASH,0,0.982,0.612,2
7,7.jpg,See back of receipt for your chance,11/13/17,for,21.74,,1.15,23.19,DEBIT CARD,0,0.989,0.91,1
8,8.jpg,COSTCO,,,85.61,,8.5,3.52,,0,0.985,0.713,2
9,9.jpg,WinCo,09/08/14,,121.92,,,121.92,,24,0.996,0.858,0
X00016469612,X00016469612.jpg,tan woon yann,25/12/2018,,,,,9.0,CASH,0,0.965,0.729,1
X00016469619,X00016469619.jpg,tan woon yann,19/10/2018,,,,,60.31,CASH,0,0.99,0.74,1
X00016469620,X00016469620.jpg,tan woon yann,12-01-19,,,,,33.9,CASH,5,0.985,0.823,0
X00016469622,X00016469622.jpg,tan woon yann,25/12/2018,,,,80.91,80.91,CASH,0,0.98,0.786,1
X00016469623,X00016469623.jpg,tan woon yann,18-11-18,,,,,30.9,CASH,5,0.966,0.815,0
X00016469669,X00016469669.jpg,tan chay yee,09/01/2019,,,,,31.0,CASH,0,0.992,0.741,1
X00016469670,X00016469670.jpg,tan chay yee,15/01/2019,PEGIV-1030765,,,193.0,193.0,VISA,1,0.988,0.925,0
X00016469671,X00016469671.jpg,tan chay yee,02/01/2019,,,0.0,,170.0,VISA,0,0.995,0.743,1
X00016469672,X00016469672.jpg,tan chay yee,11/01/2019,,,0.0,,327.0,CASH,0,0.997,0.744,1
X00016469676,X00016469676.jpg,tan chay yee,23-01-2019,22497,20.0,,,20.0,CASH,0,0.989,0.86,1
X51005200931,X51005200931.jpg,PERNIAGAAN ZHENG HUI,09/02/2018,,411.5,,411.5,411.5,CASH,0,0.974,0.853,1
X51005200938,X51005200938.jpg,PERNIAGAAN ZHENG HUI,12/02/2018,,106.1,0.0,106.1,106.1,CASH,0,0.974,0.853,1
X51005230605,X51005230605.jpg,PETRON BKT LANJAN SB,01/02/2018,19729058,,,6.0,4.9,CASH,0,0.995,0.843,1
X51005230616,X51005230616.jpg,Gerbang Alaf Restaurants Sdn Bhd,18/01/2018,,,,38.9,2.2,CASH,0,0.995,0.793,1
X51005230617,X51005230617.jpg,per,18/01/2018,,,,26.6,1.51,CASH,0,0.984,0.788,1
X51005230621,X51005230621.jpg,SIN LIANHAP SDN BHD,05/02/2018,,7.3,,6.69,7.3,CASH,0,0.967,0.85,1
X51005230648,X51005230648.jpg,CROSS CHANNEL NETWORK SDN. BHD.,29/01/2018,,,,6.36,6.0,,1,0.99,0.835,0
X51005230657,X51005230657.jpg,CROSS CHANNEL NETWORK SDN. BHD,31/12/2017,,,,7.95,7.5,,4,0.99,0.836,0
X51005230659,X51005230659.jpg,SWC ENTERPRISE SDN BHD,08/01/2018,,,,,0.45,CASH,0,0.988,0.74,1
X51005255805,X51005255805.jpg,SAM SAM TRADING CO,29-12-2017,,,,13.3,14.1,CASH,4,0.987,0.874,0
X51005268200,X51005268200.jpg,AIK HUAT HARDWAKE,15/06/2017,CSP0393921,,,15.0,15.0,CASH,0,0.987,0.839,1
X51005268262,X51005268262.jpg,HOME MASTER HARDWARE &,22/12/2017,TQM,15.9,,15.0,15.9,,0,0.982,0.867,1
X51005268275,X51005268275.jpg,LIGHTROOM GALLERY SDN BHD,20/11/2017,,263.02,,263.02,263.02,CREDIT CARD,6,0.993,0.947,0
X51005268400,X51005268400.jpg,RESTORAN HASSANBISTRO,2-1-1,,15.0,0.0,15.0,15.0,CASH,1,0.957,0.931,0
X51005268408,X51005268408.jpg,99 SPEED MART S/B (S19537-X),20-11-17,10222/102/TO341,,,9.61,,CASH,0,0.977,0.71,2
X51005268472,X51005268472.jpg,ASIA MART,22/12/2017,,,0.0,31.03,0.0,CASH,0,0.99,0.791,1
X51005288570,X51005288570.jpg,SECURE PARKING,23.03.18,Number,,,0.06,,CASH,0,0.993,0.717,2
X51005301659,X51005301659.jpg,HOME MASTER HARDWARE &,22/12/2017,TQM,15.9,,15.0,15.9,,0,0.982,0.867,1
X51005301661,X51005301661.jpg,LIGHTROOM GALLERY SDN BHD,20/12/2017,,68.87,,4.13,73.0,CASH,4,0.99,0.945,0
X51005301666,X51005301666.jpg,LIGHTROOM GALLERY SDN BHD,20/11/2017,,263.02,,263.02,263.02,CREDIT CARD,6,0.993,0.947,0
X51005301667,X51005301667.jpg,LIGHTROOM GALLERY SDN BHD,20/11/2017,,,,2.25,39.8,CREDIT CARD,2,0.993,0.877,0
X51005303661,X51005303661.jpg,LIGHTROOM GALLERY SDN BHD,20/12/2017,,68.87,,4.13,73.0,CASH,4,0.99,0.945,0
X51005306399,X51005306399.jpg,Shell ISNI PETRO TRADING,18/03/18,60000053668,,,6.0,86.0,VISA,1,0.99,0.926,0
X51005337867,X51005337867.jpg,SY LEE.,22 Mar 18,,25.94,,1.71,30.25,,1,0.986,0.904,0
X51005337872,X51005337872.jpg,Rsk.,06/03/2018,,,0.0,51.42,54.5,,0,0.992,0.751,1
X51005337877,X51005337877.jpg,7e4f P,20/03/2018,,,10.0,3.0,53.0,,8,0.989,0.835,0
X51005361883,X51005361883.jpg,TEO HENG STATIONERY & BOOKS,18/01/2018,,,,0.28,4.6,CASH,0,0.994,0.792,1
X51005361895,X51005361895.jpg,FUYIMINLMARKET,25/01/2018,,,,0.51,1.0,CASH,1,0.991,0.876,0
X51005361897,X51005361897.jpg,TEO HENG STATIONERY & BOOKS,17/01/2018,,,,1.56,26.0,CASH,0,0.994,0.792,1
X51005361898,X51005361898.jpg,TED HENG STATIONERY & BOOKS,15/01/2018,,,,3.12,52.0,CASH,0,0.993,0.792,1
X51005361900,X51005361900.jpg,TEO HENG STATIONERY & BOOKS,23/01/2018,,,,0.0,1.02,CASH,0,0.993,0.792,1
X51005361906,X51005361906.jpg,TEO HENG STATIONERY S BOOKS,27/01/2018,,,,0.0,25.8,CASH,0,0.992,0.791,1
X51005361907,X51005361907.jpg,TED HENG STATIONERY & BOOKS,12/02/2018,,,,8.68,144.68,CASH,0,0.983,0.787,1
X51005361908,X51005361908.jpg,TEO HENG STATIONERY S BOOKS,15/03/2018,,,,7.2,120.0,CASH,0,0.984,0.788,1
X51005361912,X51005361912.jpg,TEO HENG STATIONERY & BOOKS,29/01/2018,,,,0.06,1.0,CASH,0,0.994,0.792,1
X51005361923,X51005361923.jpg,SWC ENTERPRISE SDN BHD,02/01/2018,,,,0.24,4.2,CASH,0,0.969,0.781,1
X51005361946,X51005361946.jpg,PAID,14-03-18,,,,37.1,37.1,CASH,3,0.978,0.87,0
X51005361950,X51005361950.jpg,PAID,24-01-18,18287/102/T0049,,,2.5,2.5,CASH,0,0.984,0.838,1
X51005365179,X51005365179.jpg,C W KHOO HARDWARE SDN BHD,01-03-18,,,,1.2,21.2,CASH,1,0.993,0.877,0
X51005365187,X51005365187.jpg,F&P PHARMACY,02/03/2018,,,0.0,30.68,30.68,CASH,0,0.986,0.789,1
X51005433492,X51005433492.jpg,UNIHAKKA INTERNATIONAL SDN BHD,05 Mar 2018,OR18030502160349,,,0.46,8.2,CASH,0,0.988,0.839,1
X51005433494,X51005433494.jpg,AEON CO. (M) BHD (126926-H),06/03/2018,2018030610100080498,,,75.0,70.75,CASH,0,0.986,0.839,1
X51005433514,X51005433514.jpg,UNIHAKKA INTERNATIONAL SDN BHD,03 Mar 2018,OR18030302170430,,,0.46,8.2,CASH,0,0.992,0.841,1
X51005433518,X51005433518.jpg,UNIHAKKA INTERNATIONAL SDN BHD,07 Mar 2018,OR18030702170417,,,8.2,8.2,CASH,0,0.992,0.841,1
X51005433522,X51005433522.jpg,UNIHAKKA INTERNATIONAL SDN BHD,10 Mar 2018,OR18031002160274,,,0.46,8.2,CASH,0,0.986,0.839,1
X51005433533,X51005433533.jpg,PERNIAGAAN ZHENG HUI,09/03/2018,CS00084670,313.5,,313.5,313.5,CASH,0,0.981,0.906,1
X51005433538,X51005433538.jpg,UNIHAKKA INTERNATIONAL SDN BHD,12 Mar 2018,OR18031202170432,,,0.46,8.2,CASH,0,0.991,0.841,1
X51005433541,X51005433541.jpg,UNIHAKKA INTERNATIONAL SDN BHD,14 Mar 2018,OR18031402160311,,,0.46,8.2,CASH,0,0.989,0.84,1
X51005433543,X51005433543.jpg,UNIHAKKA INTERNATIONAL SDN BHD,13 Mar 2018,OR18031302170441,,,0.46,8.2,CASH,0,0.988,0.84,1
X51005433548,X51005433548.jpg,- PASAR MINI JIN SENG,03/03/18,,33.8,,0.77,,CASH,3,0.99,0.821,1
X51005433552,X51005433552.jpg,WARAKUYA PERMAS CITY SDN BHD,10/03/2018,,79.6,30.0,3.27,57.8,,1,0.982,0.902,0
X51005433553,X51005433553.jpg,YHM Aeon Tebrau City,11/03/2018,,13.1,,12.36,12.36,CASH,3,0.99,0.946,0
X51005433556,X51005433556.jpg,YHM Aeon Tebrau City,11/03/2018,,49.7,,46.9,46.9,CASH,5,0.988,0.945,0
X51005441398,X51005441398.jpg,BREWERY TAP,30/03/2018,LOGIN,179.0,,10.74,189.75,,4,0.975,0.949,0
X51005441401,X51005441401.jpg,THREE STOOGES,12/03/2018,00012916,295.0,,19.47,295.0,,0,0.982,0.867,1
X51005441402,X51005441402.jpg,THREE STOOGES,03/03/2018,,150.0,,174.9,200.0,CASH,0,0.988,0.859,1
X51005441407,X51005441407.jpg,Geoventure,5/3/2018,581355,,,5.83,64.15,CASH,6,0.982,0.922,0
X51005441408,X51005441408.jpg,32 PUB & BISTRO own by CNU TRADING,10-03-2018,,,,179.25,190.0,CASH,1,0.985,0.873,0
X51005442322,X51005442322.jpg,RESTAURANT,03 Mar 18,With,231.06,,254.17,269.4,,0,0.982,0.867,1
X51005442327,X51005442327.jpg,UNIHAKKA INTERNATIONAL SDN BHD,18 Mar 2018,OR18031802170364,,,0.49,8.6,CASH,0,0.977,0.834,1
X51005442333,X51005442333.jpg,UNIHAKKA INTERNATIONAL SDN BHD,27 Mar 2018,OR18032702170334,,,0.39,6.9,CASH,0,0.985,0.838,1
X51005442334,X51005442334.jpg,UNIHAKKA INTERNATIONAL SDN BHD,26 Mar 2018,OR18032602170324,,,0.46,8.2,CASH,0,0.986,0.839,1
X51005442338,X51005442338.jpg,PASAR MINI JIN SENG,18/03/18,,28.6,,0.07,,CASH,7,0.975,0.814,1
X51005442341,X51005442341.jpg,"K3-113, JL IBRAHIM SULTAN",09/03/2018,,,,,,CASH,2,0.987,0.699,1
X51005442343,X51005442343.jpg,YONG TAT HARDWARE TRADING,13/03/2018,,,0.0,67.92,67.92,CASH,1,0.974,0.868,0
X51005442344,X51005442344.jpg,YONG TAT HARDWARE TRADING,13/03/2018,,,0.0,95.17,101.0,CASH,2,0.976,0.869,0
X51005442346,X51005442346.jpg,PERNIAGAAN ZHENG HUI,15/03/2018,,7.55,0.0,7.55,7.55,CASH,0,0.977,0.855,1
X51005442361,X51005442361.jpg,Morganfield's,2018-03-23,000039121,,,33.57,593.1,,5,0.976,0.879,0
X51005442366,X51005442366.jpg,Triple Six Point Enterprise 666,22-03-2018,REC-0014888,,0.3,,22.6,CASH,0,0.994,0.792,1
X51005442375,X51005442375.jpg,UNIHAKKA INTERNATIONAL SDN BHD,25 Mar 2018,OR18032502170439,,,0.48,8.5,CASH,0,0.988,0.84,1
X51005442376,X51005442376.jpg,UNIHAKKA INTERNATIONAL SDN BHD,22 Mar 2018,OR18032202170428,,,0.43,7.6,CASH,0,0.992,0.841,1
X51005442378,X51005442378.jpg,TQFOR SHOPPING WITH myNEWS.com,23/03/2018,,10.0,,0.0,10.0,CASH,3,0.987,0.944,0
X51005442379,X51005442379.jpg,UNIHAKKA INTERNATIONAL SDN BHD,24 Mar 2018,OR18032402170368,,,0.52,9.2,CASH,0,0.986,0.839,1
X51005442382,X51005442382.jpg,UNIHAKKA INTERNATIONAL SDN BHD,20 Mar 2018,OR18032002170471,,,0.37,6.6,CASH,0,0.987,0.839,1
X51005442383,X51005442383.jpg,CARREFOUR RESTAURANT,20/03/201,,,,0.78,0.0,CASH,1,0.993,0.877,0
X51005442384,X51005442384.jpg,UNIHAKKA INTERNATIONAL SDN BHD,19 Mar 2018,OR18031902160324,,,0.46,8.2,CASH,0,0.989,0.84,1
X51005442386,X51005442386.jpg,UNIHAKKA INTERNATIONAL SDN BHD,21 Mar 2018,OR18032102170360,,,0.49,8.7,CASH,0,0.988,0.84,1
X51005442388,X51005442388.jpg,CONTENTO (JM0761170-K),20/03/18,,,,,21.6,CASH,8,0.968,0.816,0
X51005442392,X51005442392.jpg,UNIHAKKA INTERNATIONAL SDN BHD,29 Mar 2018,OR18032902170347,,,0.4,7.1,CASH,0,0.987,0.839,1
X51005442394,X51005442394.jpg,UNIHAKKA INTERNATIONAL SDN BHD,30 Mar 2018,OR18033002170384,,,0.46,8.2,,0,0.968,0.791,1
X51005442397,X51005442397.jpg,Triple Six Point Enterprise 666,25-03-2018,REC-0015016,,1.0,,7.6,CASH,0,0.993,0.792,1
X51005444033,X51005444033.jpg,B.I.G.,12/03/18,BAT02201803120255,,,77.2,77.2,CASH,0,0.987,0.839,1
X51005444037,X51005444037.jpg,Nando's,1300-88-6555,,129.3,,122.0,129.3,,1,0.993,0.907,0
X51005444040,X51005444040.jpg,B.I.G.,09/03/18,BAT01201803090220,,,133.7,133.7,CASH,0,0.986,0.839,1
X51005444041,X51005444041.jpg,B.I.G.,08/03/18,BAT01201803080169,,,81.0,81.0,DEBIT CARD,0,0.989,0.84,1
X51005444044,X51005444044.jpg,99 SPEED MART S/B (519537-X),10-03-18,for,,,5.35,,CASH,0,0.989,0.715,2
X51005444045,X51005444045.jpg,99 SPEED MART S/B (519537-X),19-03-18,18341/103/T0138,,,11.4,11.4,CASH,0,0.984,0.838,1
X51005444046,X51005444046.jpg,STAR GROCER SDN BHD (1171881-W),25/03/18,DSP05201803250022,,,66.17,66.15,CASH,0,0.983,0.838,1
X51005447832,X51005447832.jpg,PETRODELI ENTERPRISE,26/02/18,60000152273,,,39.42,85.54,VISA,1,0.985,0.923,0
X51005447833,X51005447833.jpg,SUN WONG KUT SDN BHD,21/02/18,60000483942,,,39.54,88.17,VISA,1,0.982,0.922,0
X51005447839,X51005447839.jpg,RESTAURANT JIAWEI,9/3/2018,9820,65.2,65.2,,65.2,,2,0.973,0.898,0
X51005447840,X51005447840.jpg,PASARAYA BORONG PINTAR,,,,,8.2,4.0,CASH,2,0.992,0.771,1
X51005447841,X51005447841.jpg,PASARAYA BORONG PINTAR,09/03/2018,,,,10.4,4.0,CASH,3,0.993,0.877,0
X51005447842,X51005447842.jpg,PASARAYA BORONG PINTAR,14/03/2018,,,,0.9,1.0,CASH,0,0.992,0.791,1
X51005447844,X51005447844.jpg,RESTAURANT JIAWEI,23/2/2018,8884,110.0,,,110.0,,2,0.984,0.903,0
X51005447848,X51005447848.jpg,LIAN CHI PU TIAN VEGETARIAN,06/01/18,,,,2.87,,,0,0.989,0.625,2
X51005447850,X51005447850.jpg,PASARAYA BORONG PINTAR,,,,,3.2,1.0,CASH,1,0.994,0.772,1
X51005447851,X51005447851.jpg,PASARAYA BORONG PINTAR,,,,,1.7,1.7,CASH,2,0.988,0.77,1
X51005447852,X51005447852.jpg,99 SPEED MART S/B (519537-X),20-02-18,18314/102/T0422,,,9.9,9.9,CASH,0,0.991,0.841,1
X51005447853,X51005447853.jpg,99 SPEED MART S/D (519537·X),,for,,,141.5,141.5,CASH,2,0.981,0.816,1
X51005447859,X51005447859.jpg,PASARAYA BORONG PINTAR,,,,,1.45,1.0,CASH,1,0.991,0.771,1
X51005447860,X51005447860.jpg,AEON CO. (M) BHD (126926-H),19/02/2018,2018021951320026157,,,17.7,16.71,CASH,0,0.99,0.841,1
X51005447861,X51005447861.jpg,POPULAR BOOK,01/03/18,114793,,1.2,49.39,3.29,CASH,1,0.991,0.926,0
X51005453729,X51005453729.jpg,LIAN HING STATIONERY SDN BHD,27/03/2018,,,,79.5,75.0,,0,0.987,0.749,1
X51005453801,X51005453801.jpg,GL HANDICRAFT & TAILORING,20/03/2018,,102.0,,96.23,102.0,,1,0.953,0.889,0
X51005453802,X51005453802.jpg,CHECKED,30/03/2018,,,,159.0,150.0,,0,0.987,0.749,1
X51005453804,X51005453804.jpg,LJAN HING STATIONERY SDN BHD,27/03/2018,,,,12.0,11.32,,0,0.988,0.749,1
X51005568827,X51005568827.jpg,Banh Mi CafE,29-10-2017,,,,21.3,23.25,,2,0.996,0.838,0
X51005568829,X51005568829.jpg,THAI DELICIOUS RESTAURANT,02/02/2017,,,,,92.8,CASH,0,0.969,0.731,1
X51005568855,X51005568855.jpg,POPULAR BOOK,23/12/17,309782,,0.42,140.65,28.35,MASTERCARD,0,0.99,0.84,1
X51005568866,X51005568866.jpg,POPULAR BOOK,25 AUG,304168,,0.56,5.04,0.56,CASH,1,0.968,0.915,0
X51005568880,X51005568880.jpg,MR.D.I.Y(M)SDN BHD,04-06-5,,,,15.9,15.9,CASH,3,0.987,0.874,0
X51005568881,X51005568881.jpg,HON HWA HARDWARE TRADING,21/09/2017,,,0.0,10.4,9.81,CASH,2,0.99,0.876,0
X51005568884,X51005568884.jpg,MR. D.I.Y. SDN BHD,24-11-17,,,,3.9,3.9,CASH,3,0.988,0.874,0
X51005568885,X51005568885.jpg,EVERGREEN LIGHT SDN BHD,10/07/2017,,,,56.0,56.0,CASH,0,0.986,0.789,1
X51005568887,X51005568887.jpg,HON HWA HARDWARE TRADING,20/04/2017,,,0.0,7.2,6.79,CASH,1,0.977,0.87,0
X51005568889,X51005568889.jpg,HON HWA HARDWARE TRADING,,,,0.0,,18.49,CASH,3,0.99,0.72,1
X51005568890,X51005568890.jpg,HON HWA HARDWARE TRADING,05/01/2017,,,,5.0,4.72,CASH,1,0.985,0.873,0
X51005568891,X51005568891.jpg,HON HWA HARDWARE TRADING,08/02/2017,,,0.0,277.0,261.32,CASH,10,0.986,0.874,0
X51005568892,X51005568892.jpg,EVERGREEN LIGHT SDN BHD,18/09/2017,,,,1.47,26.0,CASH,0,0.98,0.786,1
X51005568894,X51005568894.jpg,VIVOPAC MARKETING SDN BHD (1070687-M),17/01/2017,must,,,44.0,46.65,CASH,2,0.982,0.922,0
X51005568895,X51005568895.jpg,VIVOPAC MARKETING SDN BHD(1070687-M),13/09/2017,must,49.5,,49.5,52.45,CASH,3,0.99,0.995,0
X51005568898,X51005568898.jpg,VIVOPAC MARKETING SDN BHD (1070687-M),30/05/2017,must,17.75,,17.75,18.8,CASH,3,0.99,0.995,0
X51005568899,X51005568899.jpg,MR. D.I.Y. SDN BHD,18-10-17,,,,5.9,5.9,CASH,1,0.989,0.875,0
X51005568900,X51005568900.jpg,MR. D.I.Y. SDN BHD,28-12-17,,,,9.9,9.9,CASH,2,0.99,0.876,0
X51005568911,X51005568911.jpg,MR. D.I.Y. (KUCHAI) SDN BHD,41-71-10,,,,37.8,37.8,CASH,2,0.986,0.874,0
X51005568913,X51005568913.jpg,IKANO HANDEL SDN BHD,27/07/17,311136194,,,538.0,538.0,VISA,2,0.992,0.927,0
X51005568914,X51005568914.jpg,IKANO HANDEL SDN BHD,09/08/17,311140123,,,99.8,99.8,MASTERCARD,3,0.99,0.926,0
X51005577191,X51005577191.jpg,FY EAGLE ENTERPRISE,07/12/2017,CS00031383,,,0.57,0.57,CASH,0,0.983,0.837,1
X51005577192,X51005577192.jpg,FY EAGLE ENTERPRISE,,CS0003118O,,,0.4,0.4,CASH,0,0.965,0.724,2
X51005582745,X51005582745.jpg,MODERN DEPOT,04/12/2016,CS00090733,,,8.49,8.49,CASH,0,0.978,0.835,1
X51005587254,X51005587254.jpg,TRI SHAAS SDN BHD (728515-M),13/03/2017,255018,,,4.72,5.0,CASH,0,0.976,0.834,1
X51005587261,X51005587261.jpg,CHOP YEW LIAN,23/03/17,,,,6.0,30.0,CASH,1,0.994,0.877,0
X51005587267,X51005587267.jpg,MYDIN,4/02/2017,261172,,8.0,80.27,8.0,CASH,0,0.979,0.836,1
X51005605284,X51005605284.jpg,ADVANCO COMPANY,23/03/2018,,,0.2,83.0,78.3,CASH,0,0.995,0.793,1
X51005605285,X51005605285.jpg,AEON CO. (M) BHD. (126926-H),22/03/2018,2018032251310415556,,,5.9,5.57,CASH,0,0.978,0.835,1
X51005605286,X51005605286.jpg,AEON CO. (M) BHD (126926-H),09/02/2018,2018020951320023885,,,5.9,5.57,CASH,0,0.996,0.843,1
X51005605287,X51005605287.jpg,AEON CO. (M) BHD (126926-H),14/03/2018,2018031430090060035,,,12.25,11.55,CASH,0,0.995,0.843,1
X51005605295,X51005605295.jpg,ECONSAVE,22/03/18,,5.15,,5.15,5.15,CASH,0,0.97,0.851,1
X51005605332,X51005605332.jpg,POPULAR BOOK,14/03/18,90243,,0.0,7.95,0.0,CASH,0,0.992,0.841,1
X51005605333,X51005605333.jpg,POPULAR BOOK,07/01/18,364810,,9.6,31.47,9.6,CASH,1,0.993,0.927,0
X51005605334,X51005605334.jpg,POPULAR BOOK,29/03/18,121722,,0.0,9.65,0.0,CASH,1,0.993,0.927,0
X51005605335,X51005605335.jpg,POPULAR BOOK,12/01/18,77499,,6.4,20.98,6.4,CASH,1,0.994,0.927,0
X51005621482,X51005621482.jpg,PREMIO,20/03/2018,SS3-154439,,0.0,6.0,6.0,CREDIT CARD,0,0.992,0.841,1
X51005663272,X51005663272.jpg,WAHIN HARDWARE SDN BHD,04/12/17,,42.4,,2.4,42.4,,3,0.987,0.904,0
X51005663273,X51005663273.jpg,SYARIKAT PERNIAGAAN GIN KEE,04/12/2017,,,0.0,45.0,45.0,CASH,0,0.991,0.791,1
X51005663274,X51005663274.jpg,LIM SENG THO HARDWARE TRADING,,,10.5,,10.5,10.5,,1,0.949,0.782,1
X51005663276,X51005663276.jpg,inugqmmm.slie,02/12/2017,,,0.42,0.0,7.42,CASH,0,0.976,0.784,1
X51005663277,X51005663277.jpg,SYARIKAT PERNIAGAAN GIN KEE,02/12/2017,,,0.0,1.68,29.68,CASH,0,0.989,0.79,1
X51005663278,X51005663278.jpg,IKANO HANDEL SDN BHD,23/12/17,411395668,,,73.3,73.3,CASH,3,0.99,0.926,0
X51005663279,X51005663279.jpg,SYARIKAT PERNIAGAAN GIN KEE,28/12/2017,,,0.0,140.0,140.0,CASH,0,0.996,0.793,1
X51005663280,X51005663280.jpg,Chili's,30 Dec 17,,8.78,,96.58,102.4,CASH,1,0.982,0.942,0
X51005663293,X51005663293.jpg,SWEET FOREST CAFE,14-02-2018,,,,28.58,30.3,CASH,1,0.994,0.877,0
X51005663297,X51005663297.jpg,BEYOND BROTHERS HARDWARE,1-0-2,,,0.0,565.5,565.5,CASH,0,0.99,0.791,1
X51005663298,X51005663298.jpg,AL MENDIS-THE MINES,21-03-2018,116455,,,41.3,48.15,CASH,1,0.987,0.924,0
X51005663300,X51005663300.jpg,LIM SENG THO HARDWARE TRADING,,,7.0,,7.0,7.0,,1,0.962,0.788,1
X51005663301,X51005663301.jpg,LIM SENG THO HARDWARE TRADING,,,7.0,,7.0,7.0,,1,0.971,0.792,1
X51005663307,X51005663307.jpg,Tax Invoice,09/02/2018,,56.8,,56.8,56.8,CASH,5,0.979,0.941,0
X51005663309,X51005663309.jpg,KOH SENG HARDWARE,01/02/2018,CS00044964,,,0.3,0.3,CASH,0,0.997,0.844,1
X51005663310,X51005663310.jpg,LIM SENG THO HARDWARE TRADING,,,8.4,,8.4,8.4,,1,0.963,0.788,1
X51005663311,X51005663311.jpg,LIM SENG THO HARDWARE TRADING,,,7.0,,7.0,7.0,,1,0.957,0.786,1
X51005663317,X51005663317.jpg,LIM SENG THO HARDWARÉ TRADING,,,6.0,,,,,0,0.983,0.537,3
X51005663323,X51005663323.jpg,KOHSENG HARDWARE,04/12/2017,CS00042153,,,48.0,48.0,CASH,0,0.996,0.843,1
X51005663324,X51005663324.jpg,SYARIKAT PERNIAGAAN GIN KEE,28/12/2017,,,0.0,439.0,439.0,CASH,0,0.993,0.792,1
X51005675095,X51005675095.jpg,SOLARIS,14/01/2018,,,,6.0,4.0,,0,0.989,0.75,1
X51005675099,X51005675099.jpg,Super Terminal Sdn Bhd,20/01/2018,,,,132.5,132.5,CASH,0,0.983,0.787,1
X51005675103,X51005675103.jpg,SYARIKAT PERNIAGAAN GIN KEE,04/01/2018,,,0.0,94.5,94.5,CASH,0,0.995,0.793,1
X51005675104,X51005675104.jpg,SYARIKAT PERNIAGAAN GIN KEE,25/01/2018,,,0.0,180.0,180.0,CASH,0,0.994,0.793,1
X51005675914,X51005675914.jpg,BEYOND BROTHERS HARDWARE,1-0-2,,,0.0,3.84,64.0,CASH,0,0.978,0.785,1
X51005676534,X51005676534.jpg,SYARIKAT PERNIAGAAN GIN KEE,03/01/2018,,,0.0,68.0,68.0,CASH,0,0.996,0.793,1
X51005676535,X51005676535.jpg,SYARIKAT PERNIAGAAN GIN KEE,30/12/2017,,,0.0,84.0,84.0,CASH,0,0.994,0.792,1
X51005676536,X51005676536.jpg,SYARIKAT PERNIAGAAN GIN KEE,02/01/2018,,,0.0,87.8,87.8,CASH,0,0.991,0.791,1
X51005676537,X51005676537.jpg,SYARIKAT PERNIAGAAN GIN KEE,03/01/2018,,,0.0,89.0,89.0,CASH,0,0.99,0.79,1
X51005676538,X51005676538.jpg,SYARIKAT PERNIAGAAN GIN KEE,04/01/2018,,,0.0,42.2,42.2,CASH,0,0.996,0.793,1
X51005676539,X51005676539.jpg,SYARIKAT PERNIAGAAN GIN KEE,10/01/2018,,,0.0,22.0,22.0,CASH,0,0.993,0.792,1
X51005676540,X51005676540.jpg,SYARIKAT PERNIAGAAN GIN KEE,11/01/2018,,,0.0,109.7,109.7,CASH,0,0.994,0.792,1
X51005676541,X51005676541.jpg,SYARIKAT PERNIAGAAN GIN KEE,03/01/2018,,,0.0,89.5,89.5,CASH,0,0.988,0.789,1
X51005676542,X51005676542.jpg,SYARIKAT PERNIAGAAN GIN KEE,29/12/2017,,,0.0,10.0,10.0,CASH,0,0.992,0.792,1
X51005676543,X51005676543.jpg,SYARIKAT PERNIAGAAN GIN KEE,02/01/2018,,,0.0,12.5,12.5,CASH,0,0.993,0.792,1
X51005676544,X51005676544.jpg,SYARIKAT PERNIAGAAN GIN KEE,02/01/2018,,,0.0,2.0,2.0,CASH,0,0.992,0.791,1
X51005676545,X51005676545.jpg,SYARIKAT PERNIAGAAN GIN KEE,13/01/2018,,,0.0,6.0,6.0,CASH,0,0.992,0.791,1
X51005676546,X51005676546.jpg,SYARIKAT PERNIAGAAN GIN KEE,11/01/2018,,,0.0,20.0,20.0,CASH,0,0.994,0.792,1
X51005676547,X51005676547.jpg,SYARIKAT PERNIAGAAN GIN KEE,13/01/2018,,,0.0,12.0,12.0,CASH,0,0.994,0.792,1
X51005676548,X51005676548.jpg,SYARIKAT PERNIAGAAN GIN KEE,15/01/2018,,,0.0,10.5,10.5,CASH,0,0.991,0.791,1
X51005676549,X51005676549.jpg,SYARIKAT PERNIAGAAN GIN KEE,02/01/2018,,,0.0,37.5,37.5,CASH,0,0.986,0.789,1
X51005677327,X51005677327.jpg,SYARIKAT PERNIAGAAN GIN KEE,01/02/2018,,,0.0,34.0,34.0,CASH,0,0.994,0.792,1
X51005677328,X51005677328.jpg,SYARIKAT PERNIAGAAN GIN KEE,12/02/2018,,,0.0,5.0,5.0,CASH,0,0.994,0.792,1
X51005677329,X51005677329.jpg,SYARIKAT PERNIAGAAN GIN KEE,12/02/2018,,,0.0,255.0,255.0,CASH,0,0.985,0.788,1
X51005677331,X51005677331.jpg,SYARIKAT PERNIAGAAN GIN KEE,03/02/2018,,,0.0,3.45,57.5,CASH,0,0.994,0.792,1
X51005677332,X51005677332.jpg,SYARIKAT PERNIAGAAN GIN KEE,12/01/2018,,,0.0,7.5,7.5,CASH,0,0.981,0.786,1
X51005677333,X51005677333.jpg,SYARIKAT PERNIAGAAN GIN KEE,31/01/2018,,,0.0,96.0,96.0,CASH,0,0.996,0.793,1
X51005677334,X51005677334.jpg,SYARIKAT PERNIAGAAN GIN KEE,31/01/2018,,,0.0,78.0,78.0,CASH,0,0.994,0.792,1
X51005677335,X51005677335.jpg,SYARIKAT PERNIAGAAN GIN KEE,24/01/2018,,,0.0,70.0,70.0,CASH,0,0.996,0.793,1
X51005677336,X51005677336.jpg,SYARIKAT PERNIAGAAN GIN KEE,27/01/2018,,,0.0,21.0,21.0,CASH,0,0.994,0.792,1
X51005677337,X51005677337.jpg,SYARIKAT PERNIAGAAN GIN KEE,02/02/2018,,,0.0,88.8,88.8,CASH,0,0.99,0.791,1
X51005677339,X51005677339.jpg,BEYOND BROTHERS HARDWARE,05/02/2018,,,0.0,60.0,60.0,CASH,0,0.975,0.784,1
X51005684949,X51005684949.jpg,WESTERN EASTERN,26-02-2018,,,,,,CASH,0,0.99,0.616,2
X51005685355,X51005685355.jpg,RESTORAN IBRAHIM MAJU SB,19/03/2018,,5.3,,5.3,5.3,CASH,0,0.985,0.858,1
X51005685357,X51005685357.jpg,For staff:Lleong Sang Fodle,02/03/18,71857936,111.3,,79.35,79.35,,2,0.986,0.954,0
X51005705722,X51005705722.jpg,ASO ELECTRICAL TRADING SDN BHD,27/09/2017,CS00087400,234.0,0.0,234.0,234.0,CASH,0,0.986,0.909,1
X51005705727,X51005705727.jpg,KEDAI BUKU NEW ACHEIVERS,28/12/2017,CS00310146,40.0,4.0,40.0,36.0,CASH,0,0.984,0.908,1
X51005705729,X51005705729.jpg,ASO ELECTRICAL TRADING SDN BHD,13/10/2017,CS00088810,89.26,0.0,89.26,89.26,CASH,0,0.992,0.912,1
X51005705760,X51005705760.jpg,MYDIN,10/08/2017,322563,,,20.19,21.4,CASH,0,0.981,0.836,1
X51005705784,X51005705784.jpg,(EDAI BUKU NEW ACHEIVERS,15/09/2017,,45.28,0.0,45.28,45.28,CASH,0,0.987,0.859,1
X51005705804,X51005705804.jpg,ASO ELECTRICAL TRADING SDN BHD,04/12/2017,CS00093091,0.0,5.6,0.0,100.0,CASH,0,0.995,0.913,1
X51005710963,X51005710963.jpg,TS TOOLS HARDWARE & MACHIRERY SDR KHD,21/03/2018,CS00032256,,,0.0,0.42,CASH,0,0.991,0.841,1
X51005711401,X51005711401.jpg,RESTORAN WAN SHENG,,,,,5.66,6.0,CASH,0,0.99,0.686,2
X51005711402,X51005711402.jpg,RESTORAN WAN SHENG,17-03-2018,,,,9.07,9.6,CASH,0,0.984,0.788,1
X51005711403,X51005711403.jpg,RESTORAN WAN SHENG,19-03-2018,,,,8.59,9.1,CASH,0,0.984,0.788,1
X51005711404,X51005711404.jpg,RESTORAN WAN SHENG,14-03-2018,,,,4.54,4.8,CASH,0,0.99,0.79,1
X51005711441,X51005711441.jpg,RESTORAN WAN SHENG,,,,,6.33,6.7,CASH,1,0.99,0.77,1
X51005711442,X51005711442.jpg,RESTORAN WAN SHENG,,,,,9.07,9.6,CASH,0,0.986,0.684,2
X51005711443,X51005711443.jpg,RESTORAN WAN SHENG,,,,,6.33,6.7,CASH,0,0.99,0.686,2
X51005711444,X51005711444.jpg,RESTORAN WAN SHENG,21-03-2018,,,,4.54,4.8,CASH,0,0.993,0.792,1
X51005711445,X51005711445.jpg,RESTORAN WAN SHENG,,,,,6.62,7.0,CASH,0,0.99,0.685,2
X51005711446,X51005711446.jpg,RESTORAN WAN SHENG,10-03-2018,,,,6.81,7.2,CASH,0,0.988,0.79,1
X51005711447,X51005711447.jpg,RESTORAN WAN SHENG,,,,,2.17,2.3,CASH,0,0.989,0.685,2
X51005711449,X51005711449.jpg,RESTORAN WAN SHENG,07-03-2018,,,,4.54,4.8,CASH,1,0.984,0.873,0
X51005711451,X51005711451.jpg,RESTORAN WAN SHENG,,,,,5.66,6.0,CASH,1,0.983,0.767,1
X51005711452,X51005711452.jpg,Gerbang Alaf Restaurants Sdn Bhd,21/03/2018,,,,25.4,1.44,CASH,0,0.994,0.792,1
X51005711453,X51005711453.jpg,Gerbang Alaf Restaurants Sdn Bhd,10/03/2018,,,,8.5,0.48,CASH,0,0.988,0.79,1
X51005711454,X51005711454.jpg,PappaRich BMC,24 Mar 18,,62.55,,68.82,72.93,CASH,1,0.99,0.945,0
X51005711456,X51005711456.jpg,SUSHI MENTAI - MAHKOTA CHERAS,31-03-2018,114105,,,56.2,65.55,VISA,1,0.988,0.925,0
X51005712017,X51005712017.jpg,Gerbang Alaf Restaurants Sdn Bhd,19-18/03,,,,13.1,0.74,CASH,0,0.993,0.792,1
X51005712021,X51005712021.jpg,HAPPY SNACKS ENTERPRISE,20/03/2018,,,,26.82,26.82,CASH,0,0.994,0.792,1
X51005712038,X51005712038.jpg,SWC ENTERPRISE,28/03/2018,00518087100028,30.0,,30.0,30.0,CASH,2,0.992,0.996,0
X51005712039,X51005712039.jpg,L TWO FLORIST & HANDICRAFT,21/03/2018,,,,0.0,9.0,CASH,0,0.996,0.793,1
X51005715007,X51005715007.jpg,KAISON FURNISHING SDN BHD,25-03-18,1502102697,,,,18.7,CASH,3,0.994,0.877,0
X51005715010,X51005715010.jpg,watsons,MAR 18,,,,2.34,2.34,CASH,0,0.956,0.775,1
X51005715451,X51005715451.jpg,POPULAR BOOK,06/02/18,246761,,0.0,14.64,0.0,CASH,0,0.984,0.838,1
X51005715455,X51005715455.jpg,99 SPEED MAPT S/B (519537-X),26-03-18,18348/102/T0058,,,10.6,10.6,CASH,1,0.962,0.913,0
X51005715456,X51005715456.jpg,KHE ELECTRICAL TRADING,22/03/2018,,,0.0,96.0,96.0,CASH,0,0.992,0.792,1
X51005717526,X51005717526.jpg,Derbang Alaf Restaurants Sdn Bhd,02/03/2018,,,,28.5,1.61,CASH,0,0.991,0.791,1
X51005719814,X51005719814.jpg,KIKU JAPANESE RESTAURANT,17/1/2018,9722,29.7,29.7,,29.7,CASH,4,0.988,0.945,0
X51005719823,X51005719823.jpg,SIMPLIFIED TAX INVOICE,29/01/2018,CS00123688,,,1.26,1.26,CASH,0,0.987,0.839,1
X51005719855,X51005719855.jpg,ROCKU YAKINIKU,,,,,10.28,181.55,CASH,0,0.991,0.686,2
X51005719856,X51005719856.jpg,baskinBRrobbins,,,21.5,,21.5,21.5,CASH,1,0.989,0.84,1
X51005719857,X51005719857.jpg,Salon Du Chocolat,19-02-2018,,,,20.4,23.8,,0,0.987,0.749,1
X51005719862,X51005719862.jpg,99 SPEED MART S/B (519537-X),03-02-18,18297/102/T0173,,,3.49,3.7,CASH,0,0.987,0.839,1
X51005719863,X51005719863.jpg,SEN LEE HEONG RESTAURANT,12-01-2018,,73.0,,73.0,77.4,CASH,5,0.988,0.945,0
X51005719864,X51005719864.jpg,FUN N CHEER (MALURI),05/01/2018,,,,1.69,1.69,CASH,0,0.994,0.792,1
X51005719873,X51005719873.jpg,Your order number is,21/01/2018,number,,,8.12,,CASH,0,0.993,0.717,2
X51005719874,X51005719874.jpg,NADEJE PRESTIGE SDN BHD,2018/02/22,000-074020,,,,,CASH,0,0.995,0.668,2
X51005719882,X51005719882.jpg,99 SPEED MART S/B (S19537-X),17-02-18,18311/103/T0280,,,213.0,213.0,CASH,0,0.988,0.84,1
X51005719883,X51005719883.jpg,99 SPEED MART S/B (519537-X),17-02-18,18311/102/T0395,,,108.5,108.5,CASH,0,0.99,0.841,1
X51005719886,X51005719886.jpg,SUNFISH,05/01/2018,,28.7,,1.62,,CASH,0,0.997,0.739,2
X51005719888,X51005719888.jpg,POTTERS GARDEN SDN BHD,04/01/2018,,39.8,,37.54,40.0,CASH,3,0.993,0.947,0
X51005719889,X51005719889.jpg,HENG KEE DELIGHTS BAK KUT TEH.,04/01/2018,TB011530,42.0,0.0,17.0,42.0,CASH,1,0.99,0.996,0
X51005719893,X51005719893.jpg,Mr.Dakgalbi Solaris,2018-01-0522,18010500047,,,71.0,71.0,CASH,0,0.996,0.843,1
X51005719895,X51005719895.jpg,GREEN LANE PHARMACY SDN BHD,1/8/2018,,,,0.51,34.8,,0,0.958,0.736,1
X51005719896,X51005719896.jpg,THE STORE (MALAYSIA) SDN BHD (8199K),14-01-2018,,,,35.8,35.8,CASH,0,0.986,0.789,1
X51005719898,X51005719898.jpg,MR. D.I.Y.(KUCHAI) SDN BHD,19-03-18,,,,11.9,11.9,CASH,3,0.963,0.863,0
X51005719899,X51005719899.jpg,NYONYA COLORS @ 1 UTAMA,18-03-2018,,,,,,CASH,0,0.99,0.616,2
X51005719902,X51005719902.jpg,KING'S CONFECTIONERY S/B 273500-U (KSB),11/03/18,,,,1.42,1.42,,0,0.968,0.74,1
X51005719903,X51005719903.jpg,Gerbang Alaf Restaurants Sdn Bhd,11/03/2018,,,,8.5,0.48,CASH,0,0.994,0.792,1
X51005719904,X51005719904.jpg,Yam Fresh,2018-03-18,,,,,,CASH,0,0.977,0.61,2
X51005719905,X51005719905.jpg,SAINT HEART PASTRY,25/03/2018,,,0.0,7.74,7.74,CASH,0,0.998,0.794,1
X51005719906,X51005719906.jpg,Zen and coffee 28S/B,25 Mar 2018,57269,105.0,,99.05,105.0,CASH,0,0.977,0.905,1
X51005719912,X51005719912.jpg,Guardian HealthAnd Beauty Sdn Bhd,04/03/18,,12.0,11.6,12.0,12.0,CASH,0,0.978,0.855,1
X51005719914,X51005719914.jpg,MR. D.I.Y.(KUCHAI) SDN BHD,16-03-18,,,,53.3,53.3,CASH,1,0.975,0.869,0
X51005719917,X51005719917.jpg,TAX INVOICE,26/03/18,Time,,27.6,1.87,33.0,CASH,0,0.988,0.84,1
X51005722668,X51005722668.jpg,MY HAPPY PHARMACY PLT,01/02/2018,,,0.0,19.34,19.34,CASH,0,0.992,0.791,1
X51005722699,X51005722699.jpg,POPULAR BOOK,11/02/18,79369,,0.0,11.8,0.0,CASH,0,0.991,0.841,1
X51005724552,X51005724552.jpg,KEDAI PAPAN YEW CHUAN,21/03/2018,PORT,,0.0,65.0,65.0,CASH,0,0.99,0.841,1
X51005724554,X51005724554.jpg,KEDAI PAPAN YEW CHUAN,28/02/2018,PORT,,0.0,96.0,96.0,CASH,0,0.993,0.842,1
X51005724611,X51005724611.jpg,KEDAI PAPAN YEW CHUAN,21/03/2018,PORT,,0.0,136.0,136.0,CASH,1,0.992,0.927,0
X51005724621,X51005724621.jpg,KEDAI PAPAN YEW CHUAN,06/03/2018,PORT,,0.0,120.0,120.0,CASH,0,0.995,0.843,1
X51005724622,X51005724622.jpg,Comb Ches,07/03/2018,PORT,,0.0,86.0,86.0,CASH,0,0.982,0.837,1
X51005724623,X51005724623.jpg,awy,,PORT,,0.0,295.0,295.0,CASH,0,0.981,0.732,2
X51005724624,X51005724624.jpg,KEDAI PAPAN YEW CHUAN,16/03/2018,PORT,,0.0,128.0,128.0,CASH,0,0.996,0.843,1
X51005724625,X51005724625.jpg,MBB264096,12/03/2018,PORT,,0.0,267.5,267.5,CASH,0,0.995,0.843,1
X51005724626,X51005724626.jpg,MBB 293502,02/04/2018,PORT,,0.0,255.0,255.0,CASH,0,0.993,0.842,1
X51005724627,X51005724627.jpg,KEDAI PAPAN YEW CHUAN,31/03/2018,PORT,,0.0,165.0,165.0,CASH,0,0.995,0.843,1
X51005724628,X51005724628.jpg,KEDAI PAPAN YEW CHUAN,10/03/2018,PORT,,0.0,80.0,80.0,CASH,0,0.996,0.843,1
X51005724629,X51005724629.jpg,Cele,17/03/2018,PORT,,0.0,165.0,165.0,CASH,0,0.992,0.841,1
X51005741929,X51005741929.jpg,MyMydin Subang Bestari 2300,15/01/2018,1670327566,,,5.19,5.5,CASH,0,0.984,0.838,1
X51005741944,X51005741944.jpg,TAX INVOICE,18-01-2018,1-916166,,,39.58,41.95,CARD,0,0.993,0.842,1
X51005742068,X51005742068.jpg,BHPetrol Palekbang,24-03-2018,will,,,,6.0,CASH,1,0.983,0.872,0
X51005742110,X51005742110.jpg,YONG CEN ENTERPRISE,06/01/2018,CS00668595,,,3.72,65.7,CASH,0,0.983,0.837,1
X51005745183,X51005745183.jpg,BILLION SIX ENTERPRISE,22/02/2018,,,,6.0,63.8,MASTERCARD,0,0.98,0.786,1
X51005745187,X51005745187.jpg,SLF CASH & CARRY,03/02/2018,,,,21.2,20.0,CASH,0,0.96,0.777,1
X51005745188,X51005745188.jpg,SLF CASH & CARRY,02/02/2018,CS00241867,,,0.0,2.72,CASH,0,0.99,0.84,1
X51005745190,X51005745190.jpg,SUPER SEVEN CASH & CARRY SDN BHD,12-02-2018,195147,,,,,VISA,10,0.982,0.747,1
X51005745213,X51005745213.jpg,MUN HENG ELECTRICAL &,01/02/2018,,,,1.0,7.0,,2,0.948,0.817,0
X51005745214,X51005745214.jpg,99 SPEED MART S/B (519537-X),07-02-18,18301/102/T0305,,,45.34,45.34,CREDIT CARD,1,0.988,0.925,0
X51005745244,X51005745244.jpg,"URBAN IDEA SDN BHD (417940-M),",14/02/2018,1/A-42210-138075,,,,,CASH,0,0.99,0.665,2
X51005745249,X51005745249.jpg,"URBAN 1DEA SDN BHD (417940-M),",27/02/2018,1/A-42210-140220,,,,,CASH,0,0.99,0.665,2
X51005745296,X51005745296.jpg,SUSHI MENTAI - PANDAN INDAH,09-04-2018,275705,,,26.6,31.0,CASH,3,0.981,0.922,0
X51005745298,X51005745298.jpg,99 SPEED MART S/B (519537-X),31-03-18,18353/102/T0311,,,3.99,3.99,CASH,0,0.968,0.83,1
X51005746140,X51005746140.jpg,YONG CEN ENTERPRISE,02/03/2018,CS00677115,,,3.36,63.35,CASH,0,0.996,0.843,1
X51005746203,X51005746203.jpg,SUPER SEVEN CASH & CARRY SDN BHD,01-03-2018,179509,,,,,MASTERCARD,11,0.988,0.75,1
X51005746204,X51005746204.jpg,BEMED (SP) SDN. BHD.,,,308.7,,308.7,308.7,CASH,0,0.975,0.749,2
X51005746206,X51005746206.jpg,PANA JAYA ENTERPAISE,21-03-2018,,,,99.06,105.0,CASH,0,0.982,0.787,1
X51005746207,X51005746207.jpg,SUPER SEVEN CASH & CARRY SDN BHD,21-03-2018,203225,,,,,MASTERCARD,8,0.989,0.75,1
X51005746210,X51005746210.jpg,Segi Cash & Carry Sdn. Bhd.(317041-W),12 Mar 2018,,145.09,,145.09,145.1,CASH,0,0.973,0.853,1
X51005749895,X51005749895.jpg,MR. D.I.. (M) SDN BHD,02-03-18,,,,71.9,71.9,CASH,3,0.984,0.873,0
X51005749904,X51005749904.jpg,SWC ENTERPRISE SDN BHD,06/03/2018,,,,,4.0,CASH,0,0.97,0.731,1
X51005749905,X51005749905.jpg,ENW Hardware Centre (M) Sdn. Bhd.,10/03/2018,,,,34.0,34.0,CASH,4,0.99,0.875,0
X51005749912,X51005749912.jpg,MR. D.I.Y. (M) SDN BHD,04-2/60,,,,38.8,38.8,CASH,3,0.986,0.874,0
X51005757199,X51005757199.jpg,POPULAR BOOK,01/03/18,21396,,0.0,4.0,0.0,CASH,0,0.991,0.841,1
X51005757201,X51005757201.jpg,AEON CO. (M) BHD. (126926-H),28/02/2018,2013022810082100090,,,88.97,83.93,CASH,3,0.992,0.927,0
X51005757233,X51005757233.jpg,Guardian Health And Beauty Sdn Bhd,09/03/18,,9.95,,9.95,9.95,,0,0.97,0.812,1
X51005757235,X51005757235.jpg,AEON CO. (M) BHD (126926-H),09/03/2018,2018030910080010555,,,31.0,29.24,CASH,0,0.996,0.843,1
X51005757243,X51005757243.jpg,POPULAR BOOK,11/03/18,250504,,0.0,5.75,0.0,CASH,1,0.988,0.925,0
X51005757248,X51005757248.jpg,AEON CO. (M) BHD (126926-H),12/03/2018,2018031210080010139,,,42.48,42.47,CASH,0,0.988,0.84,1
X51005757273,X51005757273.jpg,MR. D.I.Y. (KUCHAI) SDN BHD,12-03-18,,,,45.0,45.0,CASH,1,0.995,0.878,0
X51005757282,X51005757282.jpg,Heo,12/09/2017,,0.5,,6.0,24.5,CASH,4,0.974,0.938,0
X51005757286,X51005757286.jpg,TSH POWER HARDWARE,10/10/2017,,8.0,,6.0,8.0,CASH,2,0.996,0.948,0
X51005757290,X51005757290.jpg,MR. D.I.Y. (M) SDN BHD,17-03-18,,,,42.9,2.43,CASH,4,0.992,0.876,0
X51005757292,X51005757292.jpg,MR. D.1.Y. (M) SDN BHD,18-03-18,,,,6.6,0.37,CASH,4,0.978,0.87,0
X51005757294,X51005757294.jpg,MR. D.1.Y. (M) SDN BHD,52-62-25,,,,10.6,10.6,CASH,4,0.988,0.875,0
X51005757304,X51005757304.jpg,#000002 BAIFU (M) Sdn Bhd,20/03/2018,,35.4,,35.4,35.4,CASH,2,0.993,0.947,0
X51005757308,X51005757308.jpg,MR. D.I.Y. (M) SDN BHD,21-22-36,,,,21.5,1.22,CASH,4,0.983,0.872,0
X51005757323,X51005757323.jpg,MR. D.I.Y. (M) SDN BHD,26-03-18,,,,28.0,1.58,CASH,4,0.977,0.87,0
X51005757324,X51005757324.jpg,MR. D.I.Y. (M) SDN BHD,25-03-18,,,,50.8,2.88,CASH,4,0.993,0.877,0
X51005757342,X51005757342.jpg,MR. D.I.Y. (M) SDN BHD,23-03-18,,,,6.2,0.35,CASH,4,0.98,0.871,0
X51005757346,X51005757346.jpg,MR. D.I.Y. (M) SDN BHD,23-03-18,,,,26.1,1.48,CASH,4,0.993,0.877,0
X51005757349,X51005757349.jpg,GOLDEN KEY MAKER,,,,0.0,,21.0,CASH,0,0.997,0.639,2
X51005757351,X51005757351.jpg,MR. D.I.Y. (M) SDN BHD,33-53-12,,,,14.9,0.84,CASH,4,0.994,0.877,0
X51005757353,X51005757353.jpg,MR. D.I.Y. (M) SDN BHD,24-03-18,,,,12.3,0.7,CASH,4,0.989,0.875,0
X51005763940,X51005763940.jpg,Harvey Norman,1300-88-5200,,,,60.0,60.0,CARD,1,0.994,0.877,0
X51005763958,X51005763958.jpg,SUPER SEVEN CASH & CARRY ŚDN BHD,27-01-2018,,,,,,VISA,1,0.988,0.7,1
X51005763964,X51005763964.jpg,button,06/01/2018,CS00668594,,,3.72,65.7,CASH,0,0.982,0.837,1
X51005763999,X51005763999.jpg,Segi Cash & Carry Sdn. Bhd (317041-W),06 Jan 2018,,673.99,1.6,673.99,674.0,VISA,1,0.976,0.939,0
X51005764031,X51005764031.jpg,SUPER SEVEN CASH & CARRY SDN BHD,01-02-2018,192636,,,,,VISA,5,0.993,0.752,1
X51005764154,X51005764154.jpg,Disposue,25-01-2018,,,,11.63,205.5,CASH,0,0.971,0.782,1
X51005764161,X51005764161.jpg,99 SPEED MART S/B (519537-X),28-01-18,for,,,98.89,98.89,CREDIT CARD,1,0.963,0.913,0
X51005806678,X51005806678.jpg,KAISON FURNISHING SDN BHD,29-01-18,1603029175,,,,7395.09,CASH,6,0.992,0.877,0
X51005806679,X51005806679.jpg,LEE WAH FLORIST SDN BHD,02/02/2018,,,0.0,353.0,353.0,CASH,0,0.987,0.789,1
X51005806685,X51005806685.jpg,ADVANCO COMPANY,17/01/2018,,,,29.0,27.36,CASH,0,0.984,0.788,1
X51005806692,X51005806692.jpg,Tax Invoice,18/02/2018,,346.51,,346.51,367.3,CREDIT CARD,11,0.979,0.94,0
X51005806695,X51005806695.jpg,JUWITA WEDDINGS (366310-U),,Date,4.1,,6.0,4.1,CREDIT CARD,1,0.992,0.892,1
X51005806696,X51005806696.jpg,IMAGE PRINTEC (M) SDN BHD,23/02/2018,,7.2,,0.43,7.65,CASH,3,0.995,0.948,0
X51005806698,X51005806698.jpg,ADVANCO COMPANY,28/02/2018,,,11.6,10.45,9.85,CASH,0,0.992,0.791,1
X51005806702,X51005806702.jpg,Cash Sale,06/02/2018,,,,13.5,13.5,CASH,1,0.994,0.877,0
X51005806703,X51005806703.jpg,Cash Sale,06/02/2018,,,,109.7,109.7,CASH,1,0.985,0.873,0
X51005806716,X51005806716.jpg,ADVANCO COMPANY,17/01/2018,,,,7.0,6.6,CASH,0,0.989,0.79,1
X51005806718,X51005806718.jpg,HUGO TRADING SDN BHD,13/01/2018,,,,1.25,40.8,CASH,1,0.991,0.876,0
X51005806719,X51005806719.jpg,POSTED,13/01/201,,,0.0,59.43,63.0,CASH,0,0.988,0.79,1
